iter	RMSE
0	1.990945264
50	1.271368654
100	0.8541468131
150	0.6276568163
200	0.5158031117
250	0.4650387262
300	0.4359049097
350	0.4164968869
400	0.4057733852
450	0.3984786022
500	0.3931816992
550	0.3891969088
599	0.3857831199
